text|label
 تخيّل روحك تكون تصور في تحرك ضد الشركة الصهيو.نية #كارفور تلقى روحك محال في قضية بتهمة   جمع معلومات شخصية على الأمنيين !! |negative
فماش تهم أخرى مقنعة أكثر بالله ؟؟ شنو نعملوا بيهم هالمعلومات مثلا ؟؟|negative
هذا اللي صار لأختنا Esmahen Ghanmi  !! |positive
متهمة بقضية   جمع معلومات شخصية على الأمنيين   أثناء تصويرها لتحرك ضد كارفور منتصف شهر ماي الماضي..|negative
بالمناسبة نعاودوا نذكروا الي قضيتنا راهي عادلة, وتحركاتنا شرعية, ومطالبنا واضحة والي قامت بيه اسمهان حق مش جريمة..|neutral
كل الدعم لأختنا اسمهان |positive
وعلى كل مناصر للحق الفلسطيني أن يدعمها وياقف معاها في محنتها هذي.|positive
يابلادهم راكم عيفتونا فاها |negative
قضيتنا عادلة, وتحركاتنا شرعية, ومطالبنا واضحة الترهيب ما يرهبناش, والتضييق ما يزيدنا كان إصرارراكم غالطين إذا فكّرتوا إنو باش نوخروا  على كل قلنا قبل و نعاودوها|positive
ولن تنجحوا في تجريم تحركاتنا |positive
كل الدعم صديقتي الشجاعة ... كلنا معاك و كلنا في ظهرك |positive
دمت حرة و شجاعة  |positive
في تونس مزالوا يشربوا الكوكا والفانتا وغيرها من المنتجات ومزالوا يقضيو من كارفور ويشريو دليس...|negative
 كارفور تونس مزالت تدور و تبعث في الميساجات لحرفاءها القدم. الواحد لا يزي يفرح ان المقاطعة عاطية مفعول, زيد يفرح الي الفلوس الي ماشية للدعاية, هي فلوس ناقصة على اعانات كارفور للاحتلال.|positive
 تهنئة من القلب |positive
ألف مبروك للتلميذ المتميز محمد الفاضل العجبوني 1ث1الحاصل على المرتبة الأولى بالمعهد بمعدل سنوي مشرّف جدا 19.06|positive
نتمنى لك مستقبلاً زاهراً مليئاً بالمزيد من النجاحات والتألق في مشوارك الدراسي .|positive
فخورون بك دائماً! |positive
 حسن هاذاكا تحسو زوفري وفاسد وpub متاعو لكل قلة حياء وقلة تربية ..|negative
نرجس 38 سنة زبّورها كي باب كارفور ..ترا ذكر يتحل وحدو ... |negative
قاطع قاطع كارفور   ومول تاجر الحومة|negative
 PROMO برعاية الإبا.دة... |negative
ينجم يربحكم دعوة مظلوم و عضوية ذهبية في الإبا.دة زادة ....|positive
#قاطع_كارفور #BoycottCarrefour |negative
 هذا ما فعل أحرار أوروبا لأجل غزة ليسو عرب ولا مسلمين ولكن عندهم إنسانية وكرامة ....لكن للاسف مازال الكثير من بني جلدتنا لا يستطعون مقاطعة كارفور أو قارورة كولا أو  علبة دليس أو غيرها ويتحجج   آش ماشي تعمل هذي المقاطعة     |negative
 يا تونسي يا تونسية كارفور صهيونية |negative
قاطعوا كارفور الصهيونية  |negative
#قاطعوا #قاطعوا_carrefour |negative
مالبرشا مؤشرات الباهية الي قاعدة توصل على المقاطعة. شكون آخر كارفور تبعثلو في ميساجات؟|neutral
 بالله وينو اكا الجيعان الطحان اللي مينجمش يقاطع كارفور و كوكا كولا و ديليس و يقلك شعندها تعمل المقاطعة  ..|negative
 شوف شوف سيدك الاوروبي الموش العربي و موش مسلم شنو عامل على خاطر خواتك في غزة ....|positive
راهو كيتجي تشوف مفماش فرق بينك و بين حفتر و السيسي .. حتى انت جيعان و لو كان جيت تحكم و عندك سلطة راك عملت اكثر منهم |negative
 سقطة جديدة من سقطات #كارفور ..|negative
إن لم تستحي فأفعل ما شئت|neutral
#علم تونس هذا غالي عليكم برشا يا أوباش الإحتلال ماتت على خاطرو رجال و انتم حاطينو في شلاكة لعنة الله عليكم  |negative
 {فَوَرَبِّكَ لَنَسْأَلَنَّهُمْ أَجْمَعِينَ, عَمَّا كَانُوا يَعْمَلُونَ}|neutral
والله سيسألكم عمّا كنتم تعملون, فأعدّوا الأجوبة ! |neutral
شباب والله توحشت كارفور |negative
اليوم واقف في كارفور باش نخلص... اللي تخدم في الكاسة تحكي مع صاحبتها قاتلها :تعرف اشكون كلمني اليوم ؟ وأنا عوض نقلها ڨداش قلتلها اشكون ؟؟|neutral
 انا الخنزير الصهيوني الداعم للكيان المحتل |negative
#قاطعوا_carrefour |negative
انت اللي مزلت تشري من كارفور  هذا سبب كافي يخليك تقاطع و إذا ما علابالكش فمبروك عليك إنت مشارك معاهم في دعم الاحتلال.👏🏼|negative
حملة مقاطعة كارفور بتونس Tunisian carrefour Boycott Campaign |neutral
 الحملة التي يتعرض لها الناشطون في التنسيقية الوطنية لدعم فلسطين و الصديق Wael Naouar خصوصا هي حملة مغرضة يقف وراءها اللوبي الصهيوني ووكلائه بتونس العربية بعد نجاح حملتهم لمقاطعة العلامات الداعمة للإبادة بحق أهلنا في #غزة و #فلسطين.. وخاصة الحملة ضد #كارفور وغيرها.|positive
لذا أنصح الإخوة القوميون والمقاومون الصادقون أن ينتبهوا ويكفوا أقلامهم عن الإنخراط مع الجوقة التي تتزعمها إحدى   نائبات   البرلمان..|neutral
فإحذروا يرمنا ويرحمكم الله.. و وفروا الجهد لفضح المطبعين.. |neutral 
 وراء العدو في كل مكان |positive
تسقط كارفور الصهيونية  |negative
المقاطعة  متواصلة بإذن الله  boycott  carrefour|positive
 قافلة الصمود لم تكن لترى النور و تتحول الى زخم إبداعي مقاوم لولا جهود عشرات الشباب الذين أمّنوا هذا المشهد النهائي الذي رأيتموه طيلة الايام الماضية و لم يكن دافعهم سوى فلسطين.|positive
شكرا لشعب المغرب العربي الكبير الذي تسامى فوق جراحاته و اختلافاته وشق دربا للوحدة مفتاحه فلسطين في وجه نكران السياسة والساسة.|positive
شكرا لكل لمناضلي تنسيقية العمل المشترك من أجل فلسطين  و لاصدقائها الذين راكموا معها رصيدا من الثقة القائمة على روح رفاقية عالية قوامها البذل اللامتناهي وانكار الذات.|positive
شكرا لكل من لم يتردد في المساهمة في الافراج عن الموقوفين ايا كان موقعه.|positive
شكرا لرفاقنا الذين ساندونا بخبرة السنوات الطوال وكانوا الرأي السديد حين ترتبك الاراء ولم يترددوا وإن اختلفت تقديراتهم مع تقديراتنا.|positive
شكرا لرفاقنا في الهيئة التسييرية للقافلة و لرفاقنا في مختلف هياكلها وشكر خاص للغرفة السياسية و خلية إدارة الأزمة للتنسيقية التي تابعت من تونس.|positive
 والشكر الأكبر لقلب القافلة وكنهها المشاركون والمشاركات من ابناء شعب تونس العظيم.|positive
هذه محطة من طريق طويل إما ان تسوقنا فيه رياح الارادة الشعبية المقاومة الى فلسطين جيلا للتحرير أو نوارى الثرى في هذا الطريق ونحن نحاول.|positive
المليون ريفيّة والبدون الارض- Million Rural Women and the landless |neutral
الشبكة التونسية للتصدي لمنظومة التطبيع |neutral
الرابطة التونسية للدفاع عن حقوق الانسان الصفحة الرسمية LTDH |neutral
الحملة التونسية لمقاطعة ومناهضة التطبيع مع الكيان الصهيوني |neutral
لجنة التضامن التونسية من أجل اطلاق سراح جورج ابراهيم عبد الله |negative
#BoycottCarrefour #BoycottCocaCola #BoycottIsrealProducts|negative
 قاطع يا جحش.|negative
لقد أرهقتنا البهائم |negative
 عاودت هبطتها في خاطر الجماعة الي نلقاوهم يقضيو من كارفور و يقولولنا كان قريتو على رواحك كان ربي راكم |negative
و سكر من الستة كارفور  |neutral
 2025-06-08هل تعلم أن عددا مهما من أعضاء حملة مقاطعة كارفور بتونس, هم من منظمي قافلة الصمود؟| positive
لحظات من آخر يوم في تنظيم القافلة2025-06-09|neutral
في الطريق لاستقبال الوفد الجزائري2025-06-11|neutral
2025-06-17في الطريق نحو معبر رفح|neutral
اليوم من أمام مقر ارماتيس #تونس|neutral
ارماتيس الي عندها فرع في تونس ممكن اعتبارها مقر عمليات شركة كارفور الفرنسية (اي نعم كارفور فرنسا موش كارفور تونس), الي تمول في الابادة.|negative
سمعنا اليوم من عند الأحرار, أن وفد فرنسي سيزور المقر, لذا قررنا التنغيص عليهم, و تذكيرهم أن التوانسة على عكس رأس مالنا, ما بعناش القضية.|negative
و سنجعل الاقتصاد التونسي, اقتصادا وطنيا حتما.|positive
العلاقة بين ارماتيس تونس و كارفور :|neutral
+ خدمات العلاقة بالحرفاء متع كارفور فرنسا يصير لهنا في ارماتيس تونس|neutral
+ إدارة صفحات التواصل الاجتماعي لهنا زادة في تونس |neutral
+ كارفور عندها جزء من القطاع البنكي الفرنسي, اسمها بنك كارفور  , نحكيوا على آلاف المليارات : جزء من العمليات البنكية يصير لهنا في تونس |neutral
+ حماية البيانات متع الحرفاء / المعاملات المالية جزء منو موجود في تونس زادة |neutral
 2025-06-17 #تونس|neutral
مقر Armatis|neutral
 عسلامة |neutral
ماناخذوش معلومات و اخبار من قنوات ممولة من شركاء الصهاينة|neutral
اذاعات Mosaïque FM و Diwan FM مهيش مصدر للمعلومة.. الناس هاذم ياخذوا في تمويل من كارفور الصهيونية و كوكا كولا  تنجموا تلقاو الادلة لكل عند حملة مقاطعة كارفور بتونس Tunisian carrefour Boycott Campaign |neutral
 (لا تحقرن من المعروف شيئا )|negative
لتذكير كارفور صهيونية  |negative 
لا تنسوا كارفور صهيونية|negative
كارفور هي الممثل لصهيونية و لجيش الاحتلال في تونس|negative
لنا عودة و اقوى باذن الله |positive
يا تفسخ الشراكة يا نفسخوك |negative
 نتهناو على قافلتنا و على مقاومينا البواسل في قافلة الصمود|positive
و ستكون تحركاتنا في كامل تراب الجمهورية |positive
مطلب واحد للجماهير طرد كل مالهو علاقة بنظام الكيان الغاشم|negative
كارفور الصهيونية  |negative
 مع كارفور و دليس و كوكا و zara كملوا قاطعوا قنوات الطناجر و المخادد و  بوماظات الضبابط|negative
قنوات تونس الكل لا وحدة فيهم تستاهل كوموند و ركشة قدامهم|negative
بصراحة بع ببببببع منهم الكل|negative
و يا اخت steg ابربي نحيلنا معلوم الاذاعة و التلفزة عااااد |negative
كارفور داعم رئيسي للكيان الصهيوني..قاطع..قاطع.قاطع|negative
 مدام رجعت القافلة بسلام لمصراتة|positive
نربخوها في فروع كارفور|positive
كارفور ماناش نسينك |negative
 المهدية تُظهر تضامنها مع قافلة الصمود في وقفة احتجاجية أمام كارفور, ساحة حقوق الإنسان. دعوة للالتحاق والتعبير عن الدعم لقضية كسر الحصار عن غزة.   |negative
ملف الصهيوني  البلجيكي   لوك داماز   المسؤول في #كارفور تونس بالأدلة|neutral
 المعلومات المتوفرة على   لوك  |neutral
-لوك على منصات التواصل الاجتماعي |neutral
تويتر:  لينكد ان: |neutral
 عناوين البريد الالكتروني للوك المرتبطة بفروع كارفور :تونس|neutral
فرنسا|neutral
الكيان|negative
⛔ السيرة الذاتية للصهيوني البلجيكي   لوك داماز  |neutral
🔴 1987-09 إلى 2015-08 نائب رئيس وحدة الأعمال بكارفور بلجيكيا|neutral
🔴 2015-09 إلى 2022-11 تطوير علاقات امتياز تجاري لمتاجر كارفور, بجميع أنواعها (هايبر ماركت, سوبر ماركت, كاش اند كاري) و متاجر علامات أخرى بالكامرون.|positive
🔴 2022-11  إلى حد الساعة مسؤول عمليات التطوير بكارفور الكيان #الصهوني 🇮🇱|neutral
🔴2024-02 إلى حد الساعة نائب الرئيس الأول لعمليات البيع بالتجزئة الكاملة بكارفور #تونس🇹🇳 و #الجزائر 🇩🇿|neutral
عنده علاقات بفرع كارفور في الجزائر الذي يتبع الشركة التونسية uhd و علاقات مع شركة labelvie المالكة للامتياز التجاري لعلامة كارفور #بالمغرب🇲🇦. كما انه دائم التعامل مع مسؤولين #بمول_سوسة و #مول_صفاقس.|neutral
✔️ 2025-04-07 إعلام بزيارة لوك لكارفور المرسى:|neutral
✔️2025-05-29 اعلام ببرنامج زيارات تفقدية لمختلف فروع كارفور بتونس|neutral
✔️2025-05-29 كارفور ماركت ڨابس|neutral
✔️2025-05-30 كارفور ماركت تطاوين, ثم كارفور اكسبريس جرجيس, ثم كارفور ماركت جرجيس|neutral
✔️2025-05-31 كارفور اكسبريس جربة حومة السوق, ثم كارفور ماركت حومة السوق, ثم كاش اند كاري حومة السوق, ثم كارفور اكسبريس ميدون، ثم كارفور ماركت ميدون.|neutral
⚠️الأدلة|neutral
 تنسيقية العمل المشترك من أجل فلسطين لم تنشر اي شي على صفحتها . . .|negative 
إعلام مطبع مع كارفور و كوكا |negative
Tunisian carrefour Boycott Campaign |neutral
حملة مُقاطعة #كارفور تكشف عن تكبّد الشركة في #تونس خسائر بآلاف الدنانير بسبب حملات المقاطعة الدورية|negative
 بعد دعوات المقاطعة و التحركات الميدانية التي أطلقها الشباب الناشط أمام فروع كارفور تونس، أطلت علينا شركة كارفور ببيان هزيل و مضحك يوم 30 ماي 2025 يفيد بعدم وجود أي علاقة تربط بين الشركة و الكيان الصهيوني بل و بتأكيد صريح بأن الشركة داعم حقيقي للشعب الفلسطيني و لقضيته العادلة في مغالطة مكشوفة و واضحة نعتبرها في حملة مقاطعة كارفور تونس ضحكا على الذقون.|negative
الا أنه بعد التحقق و التثبت من جملة المعلومات الواردة على صفحة الحملة و بريدها الالكتروني من مواطنين متعاطفين مع الحملة و من داخل الشركة تأكد لدينا بما لا يفيد الشك بأن شركة UHD المالكة لعلامة كافور بتونس هي شريك مباشر و فعلي في حرب الإبادة التي يشنها الكيان المحتل داخل الأراضي المحتلة:|neutral
1. مسؤول عمليات التطوير بكارفور الكيان الصهوني هو نائب الرئيس الأول لعمليات البيع بالتجزئة الكاملة بكارفور تونس (UHD) و الجزائر (HDA).|neutral
كيف تفسر شركة UHD تقديم مسؤول عمليات التطوير بكارفور الكيان الصهوني LUC DEMEZ نفسه على أنه نائب رئيس الشركة المكلف بالعمليات والأنشطة التقنية من خلال منشوراته على وسائل التواصل الاجتماعي و تصريحاته لوسائل الاعلام.|neutral
2. كيف تفسر الشركة زيارة الصهيوني البلجيكي LUC DEMEZ مسؤول عمليات التطوير بكارفور الكيان الصهوني لتونس خلال الأيام الماضية حسب الجدول التالي:|neutral
3. شركة UHD تتجنب الإشارة أو توضيح العلاقة المالية التي تربطها بالشركة الأم لكارفور:|negative
عبر البيانات و التوضيحات التي نشرتها شركة UHD المالكة لعلامة كارفور بتونس  اكتفت الشركة بشجب التحركات الميدانية و تشويه دعوات المقاطعة دون توضيح العلاقة المالية التي تربطها بالشركة و هذا أكبر دليل على العلاقة المشبوهة التي تجمع شركة UHD و الشركة الأم الداعمة للكيان الصهيوني. علما و أننا سبق أن تثبتنا من هذه الشراكات بالاطلاع على التقارير المالية لمجموعة كارفور الفرنسية للسنتين الفارطتين.|negative
لهذه الأسباب فإننا نؤكد على تمسكنا بمطالبنا الواردة ببيان الحملة يوم 10 ماي 2025 و نطلق دعوة عاجلة لإصدار قانون يجرم التطبيع مع الكيان الصهيوني.|positive
نعتبر، في حملة مقاطعة كارفور، أن كل تأخير حاصل في اصدار قانون يجرم التطبيع مع الكيان الصهيوني مدخلا من مداخل التواطئ المباشر في جرائم الحرب التي يقوم بها الكيان المحتل.|negative
أخيرا، إننا نستنتج من خلال ما ورد، أن لا نية لمجلس إدارة الشركة في التراجع عن شراكتهم مع مجموعة كارفور و أن كل ما يصدر عنهم هي أكاذيب تستهزئ بناشطي حملة المقاطعة خصوصا و أقاويل تستغبي وعي الشعب عموما.|negative
لطالما حاولنا في حملة مقاطعة كارفور بتونس اعتماد مبدأ حسن النية في التعامل مع الشركة التونسية UHD، مع علمنا المسبق بجملة الشراكات التي تجمعها مع مجموعة من الشركات المطبعة.|positive
كما أننا فضلنا اعتماد لغة الحوار و التوعية و تطوعنا لتوفير كل أنواع الدعم للشركة في صورة ما خيرت فض علاقاتها مع شركة كارفور الفرنسية، و المواطن التونسي على هذا شاهد. و لأننا، وعلى عكس الشركة التونسية UHD و المجوعة المالكة لها، حرصنا على مصالح العاملين بالشركة -بإعتبارهم ضحايا لنظام اقتصادي جعلهم يلتجؤون العمل تحت يافطات شركات مشبوهة- من خلال آليات الإحتجاج السلمية و التوعية التي اتّبعناها، إلاّ و أننا قررنا التفكير في مراجعة آليات العمل و المقاطعة بإعتبار الشركة رسميا، ذراعا إقتصاديا للكيان الصهيوني بتونس.|negative
 طرد السفير المصري اصبح واجب ديني و اخلاقي|negative
مع غلق جميع فضتءات كارفور الصهيونية |negative
 بعد المشاهد ألى شوفنها في قافلة الصمود أي واحد مازال يقضي من كارفور راهو ماهوش راجل و أي واحد مازال يستهلك أي منتوج تابع المقاطعة راهو ماهوش راجل |negative
المقاطعة حرب لا هدنة فيها |negative
#قافلة_الصمود|neutral
#قاطعوا_carrefour|neutral
#غزةالصمود |neutral
و أنتم تتابعون أخبار #قافلة_الصمود لا تنسو أحد أهم المعارك المقاطعة و على رأسهم كارفور. |positive
على فكرة في الايام الفارطة تم استقبال مسؤول صهيوني  و قام بالحضور في عدد من محلات كارفور بتونس ( كل التفاصيل على الصفحة) |neutral
 قالوها برشا :  ما عندنا ما نعملولهم كان ندعوا!!!!  |positive
فيقوا يا بشر راهو برشا حاجات تتعمل و انت في بلاصتك ساهل برشا اطبقها و ابسطها:|negative
تصدّق و انويها لغزة|positive
توب و انويها رحمة لغزة|positive
صلِّ و انوي صدق دعاءك لغزة|positive
قاطع |positive
كارفور و باقي المنتجات الهيونية و انويها بركة لغزة|positive
ساند الناس الّي في القافلة #قافلة_الصمود |positive
و انويها سبب لفك الحصار و بداية الانتصار|positive
️ما تتلاهاش في حياتك و مشاكلك برك تفكرهم اخوانك و احكي عليهم و على مأساتهم|neutral
ماعاش تتفرجو في مسلسلات تركية تبكيك و حل فيديو تو تبكي بالصحيح |neutral
 عباد عملت برنامج و مشاو مع قافلة الصمود و تشجعو و عباد مش منجمه تقاطع كرفور و دليس و كوكا ... قال شنوه اش بش نعملو|negative
بش تموتو كي ماتشربوش قازوز|negative
 اذا فاتك الموضوع، أقرا البيان الي نشرناه يوم 7 جوان 2025 ابط الموالي paign .|neutral
على فكرة في الايام الفارطة تم استقبال مسؤول صهيوني  و قام بالحضور في عدد من محلات كارفور بتونس ( كل التفاصيل على الصفحة)  #قاطعوا_carrefour  #BoycottCarrefour |neutral 
 و أنتم تتابعون أخبار #قافلة_الصمود لا تنسو أحد أهم المعارك المقاطعة و على رأسهم كارفور.  في تونس تابعو صفحة حملة مقاطعة كارفور بتونس Tunisian carrefour Boycott Campaign . 
 خرجوا مظاهرات : الي يحب القدس يمشيلها. قالولهم قاطعوا على الأقل كوكاكولا و كارفور : محسوب كي باش نقاطعوا باش تتحرر فلسطين. مشاولها: محسوب بش تحرروها. فبحيث القافلة تسير و الكلاب تنبح… |negative 
 قالوها برشا : ما عندنا ما نعملولهم كان ندعوا!!!!  فيقوا يا بشر راهو برشا حاجات تتعمل و انت في بلاصتك ساهل برشا اطبقها و ابسطها: تصدّق و انويها لغ زة توب و انويها رحمة لغز ة صلِّ و انوي صدق دعاءك لغز ة قاطع  كارفور و باقي المنتجات الSهيونية و انويها بركة لغز ة.. ساند الناس الّي في القافلة #قافلة_الصمود  و انويها سبب لفك الحصار و بداية الانتصار ️ما تتلاهاش في حياتك و مشاكلك برك تفكرهم اخوانك و احكي عليهم و على مأساتهم ماعاش تتفرجو في مسلسلات تركية تبكيك و حل فيديو تو تبكي بالصحيح |neutral 
 Heni Mouhamed Salah دخل كارفور قالولو راك ربحت عندك دقيقتين تنجم تهز فيهم شنوا تحب هز الطفلة إلي في الكاسة  |neutral 
 قاطع كارفور  قاطع كارفور راك تقريبا شريك في الجريمة |negative 
 فهمتوا علاه المساحات التجارية هذه لم تطرد محلات كارفور؟ على كل نحنا راجعين للعطارة و المرشي و السوق، و انتم كملوا تعاملوا بفلوس الدم. اذا فاتك الموضوع، أقرا البيان الي نشرناه يومين لتالي  اذا تحب تفاصيل، تلقاها في الرابط الموالي |neutral 
إنشأالله يتحقق الحلم |positive
 نفرح اللي المعلومة قاعدة توصل  وحركة المقاطعة قاعدة تتوسع  (منقول) |positive
قاطع قاطع كارفور متمولش الاحتلال|negative 
 الناطق الأبيّ هذا نتبع فيه من بدايات تحركاتو ربي يحفظو ويبارك عملو بدا بالمظاهرات ضد كارفور! لا تحقرن صغيرة إن الجبال من الحصى! ريتو الي يسلك سبيل الخير ويعقد العزم فيه يصل لهدفه لا محالة! فانتفض واسع وجد! |neutral 
تزامُناً مع وصول قافلة الصمود الى معبر راس جدير البارحة  ( ومع الاحساس المُتنامي بالعجز ) مشينا ندرعوا في خواطر كارفور تعبيرًا عن رفضنا لشراكته مع الاحتلال الصهيوني.   نؤمن أن لكل شخص دور، ولو كان بسيطًا وندعو ناسنا وأهلنا و أحبابنا بالانكباب على  تدريع خواطر  الاحتلال في كل مكان وزمان.  #قافلة_الصمود #فلسطين  Cc Ajroudi Asma  حملة مقاطعة كارفور بتونس Tunisian carrefour Boycott Campaign  تنسيقية العمل المشترك من أجل فلسطين |negative 
 مع السلامة يا أحرار. تمشيوا و ترجعوا، تلقاونا طردنا كارفور! كيما شرفتونا نشرفوكم. |negative 
 التحركات امام كارفور الصهيونية لن تتوقف و بالعكس ستشتد و لن نمل و لن نكل و لن يهدا بالنا حتى فسخ الشراكة و اخراج كارفور الصهيونية من تونس  الناس اللي لم تستطع المشاركة في قافلة الصمود لتحرير غزة  واجبنا هنا و من ديارنا اخراج كارفور و فضح صهيونتها  #قاطعوا_carrefour #لا_لتجريم_نشاط_المقاطعة #قاطو @tout le monde  شباب باجة المعطى الثائر |negative 
Carrefour Tunisie  #قاطع|positive 
الطالب الي قطع علم كارفور ضمن قافلة كسر الحصار التونسية|negative 
 حاسيلو لي مازال يحط الكوكا في فمه لي يقضي من كارفور لي بطعن في المقاومة و غيرهم برشا  اليوم آخر كف ليكم .. اليوم صمود عراتكم و حلاتكم تعرفه لي انتوما أقلية طحانة و بلاش ضمير و قلب  شعب تونس مقاوم مؤمن بالقضية للنخاع .. غير قعدته انتوما كمشة لا قلب لا ضمير  |negative 
 نفس المجموعة كيف نادوا بالمقاطعة و خاصة كارفور لم يتفاعل معهم الشعب و حين كونوا قافلة الصمود إلتحم معهم الشعب و أيدهم و سار معهم استخلاص الدروس : ليلتف حولك الشعب لابد أن ترسم طريقا واضحا و مطالبك تعبر عنه بصدق |negative  
 ناس فاضية شغل....لن يفك الحصار على غزة الا بالسلاح، نقطة وارجع للسطر. ما نجموش ايقاطعو كعبة كوكاكولا والا ايسكرو قىع متاع كارفور وماشيين باش ايفكو الحصار على غزة ...خرف |negative 
ناس مخلية صغارها ومقمرة بحياتها  من أجل فك الحصار على غزة وناس ما قدرتش تقاطع كارفو|negative 
 بعد دعوات المقاطعة و التحركات الميدانية التي أطلقها الشباب الناشط أمام فروع كارفور تونس، أطلت علينا شركة كارفور ببيان هزيل و مضحك يوم 30 ماي 2025 يفيد بعدم وجود أي علاقة تربط بين الشركة و الكيان الصهيوني بل و بتأكيد صريح بأن الشركة داعم حقيقي للشعب الفلسطيني و لقضيته العادلة في مغالطة مكشوفة و واضحة نعتبرها في حملة مقاطعة كارفور تونس ضحكا على الذقون. الا أنه بعد التحقق و التثبت من جملة المعلومات الواردة على صفحة الحملة و بريدها الالكتروني من مواطنين متعاطفين مع الحملة و من داخل الشركة تأكد لدينا بما لا يفيد الشك بأن شركة UHD المالكة لعلامة كافور بتونس هي شريك مباشر و فعلي في حرب الإبادة التي يشنها الكيان المحتل داخل الأراضي المحتلة: 1. مسؤول عمليات التطوير بكارفور الكيان الصهوني هو نائب الرئيس الأول لعمليات البيع بالتجزئة الكاملة بكارفور تونس (UHD) و الجزائر (HDA). كيف تفسر شركة UHD تقديم مسؤول عمليات التطوير بكارفور الكيان الصهوني LUC DEMEZ نفسه على أنه نائب رئيس الشركة المكلف بالعمليات والأنشطة التقنية من خلال منشوراته على وسائل التواصل الاجتماعي و تصريحاته لوسائل الاعلام. 2. كيف تفسر الشركة زيارة الصهيوني البلجيكي LUC DEMEZ مسؤول عمليات التطوير بكارفور الكيان الصهوني لتونس خلال الأيام الماضية حسب الجدول التالي: 2025-05-29 كارفور ماركت قْابس. 2025-05-30 كارفور ماركت تطاوين، كارفور اكسبريس جرجيس، ثم كارفور ماركت  جرجيس. 2025-05-31 كارفور اكسبريس جربة حومة السوق، كارفور ماركت حومة السوق، كاش اند كاري حومة السوق، كارفور اكسبريس ميدون، ثم كارفور ماركت ميدون. 3. شركة UHD تتجنب الإشارة أو توضيح العلاقة المالية التي تربطها بالشركة الأم لكارفور: عبر البيانات و التوضيحات التي نشرتها شركة UHD المالكة لعلامة كارفور بتونس  اكتفت الشركة بشجب التحركات الميدانية و تشويه دعوات المقاطعة دون توضيح العلاقة المالية التي تربطها بالشركة و هذا أكبر دليل على العلاقة المشبوهة التي تجمع شركة UHD و الشركة الأم الداعمة للكيان الصهيوني. علما و أننا سبق أن تثبتنا من هذه الشراكات بالاطلاع على التقارير المالية لمجموعة كارفور الفرنسية للسنتين الفارطتين. لهذه الأسباب فإننا نؤكد على تمسكنا بمطالبنا الواردة ببيان الحملة يوم 10 ماي 2025 و نطلق دعوة عاجلة لإصدار قانون يجرم التطبيع مع الكيان الصهيوني. نعتبر، في حملة مقاطعة كارفور، أن كل تأخير حاصل في اصدار قانون يجرم التطبيع مع الكيان الصهيوني مدخلا من مداخل التواطئ المباشر في جرائم الحرب التي يقوم بها الكيان المحتل. أخيرا، إننا نستنتج من خلال ما ورد، أن لا نية لمجلس إدارة الشركة في التراجع عن شراكتهم مع مجموعة كارفور و أن كل ما يصدر عنهم هي أكاذيب تستهزئ بناشطي حملة المقاطعة خصوصا و أقاويل تستغبي وعي الشعب عموما. لطالما حاولنا في حملة مقاطعة كارفور بتونس اعتماد مبدأ حسن النية في التعامل مع الشركة التونسية UHD، مع علمنا المسبق بجملة الشراكات التي تجمعها مع مجموعة من الشركات المطبعة. كما أننا فضلنا اعتماد لغة الحوار و التوعية و تطوعنا لتوفير كل أنواع الدعم للشركة في صورة ما خيرت فض علاقاتها مع شركة كارفور الفرنسية، و المواطن التونسي على هذا شاهد. و لأننا، وعلى عكس الشركة التونسية UHD و المجوعة المالكة لها، حرصنا على مصالح العاملين بالشركة -بإعتبارهم ضحايا لنظام اقتصادي جعلهم يلتجؤون العمل تحت يافطات شركات مشبوهة- من خلال آليات الإحتجاج السلمية و التوعية التي اتّبعناها، إلاّ و أننا قررنا التفكير في مراجعة آليات العمل و المقاطعة بإعتبار الشركة رسميا، ذراعا إقتصاديا للكيان الصهيوني بتونس. |negative 
 تلخيص للبيان اللي نشرتو صفحة حملة مقاطعة كارفور بتونس Tunisian carrefour Boycott Campaign سابقا. هاذا شقاعد يصير في كارفور تونس! كارفور تونس اللي تديرها شركة UHD التابعة للشركة الأم UTIC كل مرة تخرج بيان تقول فيه بكل وقاحة:  ما عنا حتى علاقة بالكيان الصهيوني، وراهو نحنا مع فلسطين!   و الحقيقة  أكبر من هكا و أصلا فضيحة، مسؤول عمليات التطوير في كارفور الكيان الصهيوني  ، اسمو LUC DEMEZ، هو نفسو نائب رئيس شركة UHD الشركة الي تدير علامة كارفور في تونس   و كذلك شركة HDA في الجزائر   و ماعندوش برشا ماللي جاء لتونس و عمل زيارة لفروع كارفور هنا!  وهاذا جدول زياراتو الشهر لي فات: * 29 ماي: كارفور ماركت ڨابس * 30 ماي: تطاوين، جرجيس * 31 ماي: جربة – حومة السوق، ميدون.. معناها يا جماعة ببساطة كارفور تونس طرف اقتصادي يخدم مع المحتل، ومساهم (حتى لو بطريقة غير مباشرة) في الجرائم اللي صايرة في فلسطين و انت زادا اللي قاعد تشري من كارفور مشارك معاهم ، مبروك عليك.  |neutral 
 الوفد الجزائري الذي سيشارك في  قافلة الصمود  البرية من تونس الى غزة من أجل كسر الحصار على غزة سيعبر اليوم من طبرقة الى ولاية باجة و سيجوب شوارع المدينة باتجاه فضاء الأمراء (Parc des princes) أين ستتم استراحة الوفد على الساعة 19:00. اجلبوا اعلامكم وليكن استقبالا شعبياّ تثمينا لهذه المبادرة التونسية و التزاما بقضيّتنا العادلة أبد الدهر فلسطين، الى غزة قادمين  رزنامة التحركات bit.ly/action-calendar-tn زيدها لتاليفونك باش تجيك النوتيفيكاسيون |neutral 
